N-Z;N;Z;A;Element;mass_exc;mass_exc_unc;bind_ene;bind_ene_unc;beta_ene;beta_ene_unc;A2;atomic_mass;atomic_mass_unc;delta;delta_I4;bind_ene_total;bind_ene_teo;bind_ene_teo_total;Diff_bind_ene;Diff_bind_ene_total;atomic_mass_teo;atomic_mass_calc;Diff_atomic_mass;mass_excess_calc;Diff_mass_excess;bind_ene_calc;Diff_bind_ene_calcs;B_e;M_N_teo;M_N_exp;Diff_nuclear_mass
-7;11;18;29;Ar;37969.0;439;6.276;15;*;;29;27051.29763904173;0.43873372285212;0;0;182.004;6.060552404058499;175.75601971769646;0.21544759594150076;6.24798028230353;27057.55897118708;27051.310990904778;-0.013351863046409562;37968.63116173076;0.36883826924167806;6.2764604090705935;-0.000460409070593748;0.014449546519146466;27048.37543962118;27042.11410747583;-6.261332145350025
-7;12;19;31;K;34260.0;300;6.487;10;*;;31;28910.57756845482;0.29994110139783997;0;0;201.097;6.304089036407807;195.426760128642;0.18291096359219328;5.670239871358007;28916.23672760468;28910.56648773332;0.011080721502366941;34260.35313482184;-0.35313482183846645;6.486642557370942;0.0003574426290580135;0.016444329755885077;28906.544191871322;28900.885032721464;-5.659159149858169
-7;13;20;33;Ca;31030.0;400;6.657;12;*;;33;30770.335354343115;0.39961097049587996;0;0;219.681;6.506604586980109;214.7179513703436;0.1503954130198908;4.963048629656413;30775.29403319151;30770.330984561853;0.0043697812616301235;31029.9315831161;0.06841688389977207;6.656867582386027;0.00013241761397342344;0.018591031013663304;30765.092645208722;30760.13396636033;-4.958678848393902
-7;14;21;35;Sc;27100.0;400;6.828;11;*;;35;32629.39358815952;0.39961097049587996;0;0;238.98000000000002;6.676391902298584;233.67371658045045;0.15160809770141626;5.3062834195495725;32634.686764809943;32629.380481390395;0.013106769125442952;27099.95795952227;0.042040477728733094;6.827625520882118;0.0003744791178821316;0.020892837153015268;32623.976679682608;32618.683503032185;-5.293176650422538
-7;15;22;37;Ti;25170.0;400;6.926;11;*;;37;34490.45173981661;0.39961097049587996;0;0;256.262;6.819679926134716;252.3281572669845;0.10632007386528386;3.9338427330154957;34494.38082095194;34490.446978218926;0.004761597687320318;25169.902176616015;0.09782338398508728;6.925871308170679;0.00012869182932107037;0.02335285937035907;34483.162196896126;34479.2331157608;-3.9290811353275785
16;27;11;38;Na;61905.0;715;6.216;19;27831;875;38;35458.68117650502;0.71538747165696;1;-1;236.208;5.595574375598163;212.6318262727302;0.6204256244018369;23.576173727269804;35482.24838629016;35458.67221256289;0.008963942134869285;61905.235145021186;-0.23514502118632663;6.21576410678589;0.0002358932141097725;0.004451384507546654;35476.631849217076;35453.06463943194;-23.567209785134764
17;28;11;39;Na;69977.0;743;6.056;19;27201;903;39;36398.24667663375;0.7424008006648399;0;0;236.184;5.41724275118292;211.2724672961339;0.6387572488170798;24.9115327038661;36423.17316698231;36398.261634278446;-0.014957644692913163;69976.63155375553;0.3684462444653036;6.056383529351129;-0.0003835293511285087;0.004451384507546654;36417.55662990923;36392.63013956067;-24.926490348560037
-7;16;23;39;V;22570.0;400;7.031;10;*;;39;36350.84014721313;0.39961097049587996;0;0;274.209;6.941231184444821;270.70801619334804;0.08976881555517835;3.500983806651959;36354.34945885413;36350.848475047474;-0.008327834344527218;22570.102133131644;-0.10213313164422289;7.031213534214028;-0.00021353421402814377;0.025974141262878874;36342.622457129524;36339.113145488525;-3.5093116409989307
17;29;12;41;Mg;58100.0;500;6.425;12;23510;640;41;38249.35833425133;0.50021233369764;0;0;263.425;5.85009143151421;239.8537486920826;0.5749085684857898;23.571251307917407;38272.940382414905;38249.369131106985;-0.010796855654916726;58100.0817313284;-0.08173132839874597;6.425263337942874;-0.00026333794287403123;0.00548057821903994;38266.81387558485;38243.231827421274;-23.582048163574655
-7;17;24;41;Cr;20410.0;400;7.116;10;*;;41;38211.668219826606;0.39961097049587996;0;0;291.756;7.044744956665361;288.8345432232798;0.07125504333463883;2.921456776720163;38214.57142865273;38211.64997187601;0.01824795059656026;20409.967306605005;0.032693394994566916;7.1155549280342605;0.0004450719657391744;0.028759666096020087;38202.33621350226;38199.43300467614;-2.9032088261228637
-7;18;25;43;Mn;17370.0;400;7.213;9;*;;43;40071.616030512065;0.39961097049587996;0;0;310.159;7.133135522925074;306.7248274857782;0.07986447707492594;3.434172514221814;40075.029641218774;40071.59546870455;0.020561807512422092;17369.570552061534;0.4294479384661827;7.212521818429935;0.00047818157006496165;0.031712363399773874;40062.28637981493;40058.87276910822;-3.4136107067097328
18;35;17;52;Cl;22360.0;700;7.386;13;23739;922;52;48460.052977905696;0.6995520718937199;1;-1;384.072;7.08390645869706;368.3631358522471;0.3020935413029404;15.708864147752877;48475.73890111299;48460.03003696524;0.022940940456464887;22359.58446569294;0.4155343070597155;7.385558828068147;0.00044117193185311265;0.012603409759019047;48467.06452236102;48451.37859915372;-15.685923207296582
18;36;18;54;Ar;12560.0;800;7.578;15;17710;894;54;50313.241867374556;0.80015343509548;-1;1;409.212;7.3381131710956975;396.25811123916765;0.2398868289043028;12.953888760832342;50326.19242255461;50313.23853379378;0.003333580774778966;12560.266494558873;-0.2664945588730916;7.577938267022681;6.17329773193731e-05;0.014449546519146466;50317.00889098871;50304.05833580866;-12.950555180053925
19;38;19;57;K;14130.0;600;7.563;11;20689;721;57;53109.29374609933;0.5998822027956799;0;0;431.091;7.348683462869143;418.8749573835412;0.2143165371308564;12.216042616458822;53121.48949495434;53109.273452337875;0.020293761452194303;14129.834059328876;0.16594067112418998;7.562643969097336;0.0003560309026635622;0.016444329755885077;53111.796959220985;53099.601210365974;-12.195748855010606
20;39;19;58;K;21930.0;700;7.437;12;23461;860;58;54048.588181443876;0.6995520718937199;1;-1;431.346;7.192183078645017;417.14661856141095;0.24481692135498356;14.199381438589057;54062.783255492024;54048.58387405344;0.004307390438043512;21930.165683876738;-0.165683876737603;7.4369257346475806;7.426535241972232e-05;0.016444329755885077;54053.09071975867;54038.89564571052;-14.195074048147944
21;40;19;59;K;28750.0;800;7.332;14;22940;1000;59;54986.90175349721;0.80015343509548;0;0;432.58799999999997;7.088700657587138;418.2333387976411;0.243299342412862;14.354661202358841;55001.26195697136;54986.90729576899;-0.005542271785088815;28749.634017208497;0.3659827915034839;7.332093936809974;-9.393680997415998e-05;0.016444329755885077;54991.569421238004;54977.209217763855;-14.360203474148875
19;39;20;59;Ca;5810.0;600;7.708;10;16639;650;59;54963.9618482049;0.5998822027956799;0;0;454.772;7.505486118202403;442.82368097394175;0.20251388179759733;11.948319026058243;54975.88926819247;54963.94094916641;0.020899038485367782;5809.728724900443;0.2712750995569877;7.707645779008676;0.00035422099132453866;0.018591031013663304;54965.68788020968;54953.76046022211;-11.927419987572648
20;40;20;60;Ca;11000.0;700;7.627;12;15550;860;60;55900.64623707083;0.6995520718937199;-1;1;457.62;7.41049899475373;444.6299396852238;0.21650100524627014;12.990060314776201;55913.64843119675;55900.658370881974;-0.012133811142120976;11000.013870835646;-0.013870835646230262;7.627202230185746;-0.00020223018574583307;0.018591031013663304;55903.447043213964;55890.444849088046;-13.002194125918322
21;41;20;61;Ca;19010.0;800;7.503;13;18510;1000;61;56840.150258588714;0.80015343509548;0;0;457.683;7.26229936178244;443.00026106872883;0.24070063821756005;14.68273893127116;56854.8435315288;56840.16079259753;-0.01053400881937705;19009.931668714227;0.06833128577272873;7.5031726886691255;-0.00017268866912534264;0.018591031013663304;56844.642143546014;56829.94887060593;-14.6932729400869
20;41;21;62;Sc;7310.0;600;7.688;10;19510;721;62;57759.94479636599;0.5998822027956799;1;-1;476.656;7.506484812349945;465.4020583656966;0.1815151876500547;11.25394163430343;57771.224809344814;57759.97086771051;-0.026071344516822137;7310.365725990495;-0.365725990494866;7.688420505556766;-0.0004205055567663152;0.020892837153015268;57760.51472421747;57749.23471123865;-11.280012978822924
21;42;21;63;Sc;13070.0;700;7.603;11;18930;860;63;58697.19832812929;0.6995520718937199;0;0;478.989;7.416436452469625;467.2354965055864;0.1865635475303744;11.753503494413565;58708.95679292049;58697.20328942608;-0.0049612967850407586;13069.793769291302;0.20623070869805815;7.603078750742642;-7.875074264251936e-05;0.020892837153015268;58698.24670779315;58686.48824300195;-11.758464791200822
-5;29;34;63;Se;-16850.0;500;7.917;8;*;;62;58667.27873751781;0.50021233369764;0;0;498.771;7.868982933320645;495.7459247992006;0.048017066679355125;3.0250752007993924;58670.27585879332;58667.25078359252;0.02795392528787488;-16849.796842194202;-0.20315780579767306;7.916556286900202;0.00044371309979762685;0.06627320159001257;58652.96816767145;58649.97104639594;-2.997121275511745
21;43;22;65;Ti;5210.0;700;7.726;11;17320;860;65;60552.326588322096;0.6995520718937199;0;0;502.19;7.553441930182199;490.97372546184295;0.17255806981780086;11.216274538157052;60563.56706079277;60552.35078625461;-0.024197932514653075;5209.846522097028;0.15347790297164465;7.726372275884876;-0.00037227588487631635;0.02335285937035907;60552.34843673695;60541.10796426628;-11.240472470672103
-5;30;35;65;Br;-16490.0;500;7.904;8;*;;64;60530.62650168185;0.50021233369764;0;0;513.76;7.86990846810012;511.5440504265078;0.03409153189987979;2.215949573492196;60532.82622999455;60530.61028042105;0.01622126079746522;-16490.240118152702;0.2401181527020526;7.903750442141609;0.0002495578583907587;0.07105071077183776;60515.012317431174;60512.812589118475;-2.1997283126984257
-4;31;35;66;Br;-23570.0;400;8.014;6;*;;65;61455.041250213566;0.39961097049587996;1;-1;528.924;7.987367461116042;527.1662524336588;0.026632538883957224;1.7577475663412088;61456.76944970296;61455.01170213662;0.029548076949140523;-23569.595306434676;-0.4046935653241235;8.013552301864394;0.0004476981356056342;0.07105071077183776;61438.95553713958;61437.22733765019;-1.728199489392864
-5;31;36;67;Kr;-15552.0;424;7.883;6;*;;66;62394.553655178395;0.4238298171926;0;0;528.161;7.8686070303472695;527.1966710332671;0.014392969652730514;0.9643289667328645;62395.52210621633;62394.557777249596;-0.004122071200981736;-15551.29406160407;-0.7059383959294792;7.8830615234507615;-6.152345076149146e-05;0.07602551897768679;62377.20216951047;62376.23371847253;-0.9684510379374842
-4;32;36;68;Kr;-25626.0;500;8.034;7;*;;67;63315.97271867256;0.50021233369764;-1;1;546.312;8.024940385115745;545.6959461878706;0.009059614884256106;0.6160538121293939;63316.588252777285;63315.97219896516;0.0005197073987801559;-25626.334287444704;0.33428744470438687;8.033992357244108;7.64275589304475e-06;0.07602551897768679;63298.26831607142;63297.652781966695;-0.6155341047269758
23;48;25;73;Mn;-6700.0;600;7.895;8;17289;781;72;67992.36933447194;0.5998822027956799;0;0;576.3349999999999;7.698030583213594;561.9562325745924;0.19696941678640556;14.378767425407545;68006.76088759676;67992.38212017134;-0.01278569940768648;-6700.237088058791;0.23708805879141437;7.895175146567317;-0.00017514656731698608;0.031712363399773874;67994.0176261929;67979.62607306808;-14.391553124820348
24;50;26;76;Fe;-10590.0;600;7.943;8;15070;781;75;70782.9617262548;0.5998822027956799;-1;1;603.668;7.72475704667118;587.0815355470097;0.2182429533288195;16.5864644529903;70799.54950316844;70782.96303871545;-0.0013124606484780088;-10590.156465207745;0.1564652077449864;7.943017269219126;-1.7269219126703206e-05;0.034835114995858;70786.2983655655;70769.71058865185;-16.5877769136423
24;51;27;78;Co;-15320.0;700;7.997;9;19560;806;77;72641.21980663612;0.6995520718937199;1;-1;623.766;7.780824705572398;606.904327034647;0.21617529442760208;16.86167296535291;72658.07520850934;72641.21353554398;0.00627109213382937;-15320.283523882314;0.28352388231360237;7.996919601382942;8.039861705810836e-05;0.038130760539189984;72644.31636760125;72627.46096572802;-16.855401873224764
25;53;28;81;Ni;-16090.0;700;8.0;9;15820;761;80;75434.93270366645;0.6995520718937199;0;0;648.0;7.800467874082465;631.8378978006797;0.19953212591753466;16.162102199320316;75451.0555562874;75434.89345408809;0.03924957835988607;-16089.697653558336;-0.302346441663758;7.999515437304199;0.00048456269580121614;0.041602102642343826;75436.78918777073;75420.66633514977;-16.122852620959748
26;54;28;82;Ni;-10720.0;800;7.935;10;15010;894;81;76371.79687089438;0.80015343509548;-1;1;650.67;7.735343218902991;634.2981439500453;0.19965678109700846;16.37185604995466;76388.16073185361;76371.78887580366;0.007995090723852627;-10719.63414561562;-0.36585438437941775;7.934902498893591;9.750110640904808e-05;0.041602102642343826;76373.89436333693;76357.5305023777;-16.363860959230806
25;54;29;83;Cu;-20390.0;500;8.044;6;15900;583;82;77293.62020282957;0.50021233369764;0;0;667.652;7.87848322839569;653.9141079568423;0.16551677160431044;13.737892043157785;77307.32784295978;77293.58995091662;0.03025191294727847;-20390.405930429937;0.40593042993714334;8.043635519121139;0.00036448087886142844;0.04525191164001009;77292.55412530141;77278.84648517119;-13.707640130218351
26;55;29;84;Cu;-13720.0;500;7.965;6;18110;640;83;78231.78473582631;0.50021233369764;1;-1;669.06;7.785978406470868;654.0221861435529;0.17902159352913216;15.037813856447087;78246.78518648863;78231.74737263219;0.0373631941183703;-13719.976653694355;-0.023346305644736276;7.9645552000699915;0.00044479993000834384;0.04525191164001009;78232.01146883026;78217.01101816793;-15.000450662322692
26;56;30;86;Zn;-20062.0;500;8.032;6;13699;640;85;80088.43133140817;0.50021233369764;-1;1;690.752;7.8907855855478255;678.607560357113;0.14121441445217453;12.144439642886937;80100.54830910361;80088.40386946073;0.027461947436677292;-20061.588511839487;-0.41148816051281756;8.031680675029726;0.000319324970273982;0.04908293004112967;80085.26742351295;80073.1504458175;-12.11697769544844
26;57;31;88;Ga;-22390.0;500;8.05;6;17129;640;87;81949.09080358887;0.50021233369764;1;-1;708.4000000000001;7.927904662972693;697.6556103415969;0.12209533702730813;10.744389658403179;81959.84875594768;81949.10436628928;-0.01356270040560048;-22390.32377112413;0.3237711241308716;8.050154121595453;-0.0001541215954521391;0.053097876708818555;81944.06088635299;81933.30293399419;-10.757952358806506
0;51;51;102;Sb;-51100.0;400;8.181;4;*;;101;94961.29867589811;0.39961097049587996;1;-1;834.4619999999999;8.056690828919923;821.7824645498321;0.12430917108007655;12.679535450167805;94973.99087370564;94961.31133825547;-0.012662357359658927;-51099.90354188113;-0.09645811886730371;8.181124140758424;-0.00012414075842492878;0.17614537945466716;94948.10607259991;94935.41387479239;-12.6921978075261
30;67;37;104;Rb;-27450.0;500;8.057;5;16310;583;103;96847.93658713748;0.50021233369764;1;-1;837.928;7.996257578773048;831.610788192397;0.06074242122695228;6.31721180760303;96854.24624593035;96847.92903412275;0.007553014729637653;-27450.199742530232;0.19974253023247002;8.056927374858368;7.262514163208778e-05;0.08120027944291754;96835.42048503426;96829.11082624139;-6.309658792873961
0;52;52;104;Te;-49626.831;317.609;8.1573256;3.0539;*;;103;96825.7599555657;0.3176087500630972;-1;1;848.3618624000001;8.053881807289686;837.6037079581274;0.10344379271031379;10.758154441872648;96836.51812712589;96825.75997268403;-1.7118320101872087e-05;-49626.83131429902;0.00031429902446689084;8.157325764599172;-1.645991716259232e-07;0.184644435472131;96810.13082612549;96799.3726545653;-10.758171560184564
0;53;53;106;I;-43300.0;400;8.089;4;*;;105;98695.07542240268;0.39961097049587996;1;-1;857.4340000000001;8.005513884031526;848.5844717073418;0.08348611596847455;8.849528292658306;98703.8858602052;98695.03633191256;0.039090490114176646;-43299.57191732666;-0.4280826733374852;8.088631221791317;0.0003687782086831959;0.19338773273850673;98676.99630355138;98668.18586574885;-8.810437802530942
0;54;54;108;Xe;-42632.357;379.497;8.0748886;3.5139;*;;107;100558.73084509675;0.3794962868201503;-1;1;872.0879688;8.000876017041614;864.0946098404943;0.07401258295838531;7.993358959505713;100566.72421890059;100558.73085994109;-1.4844335964880884e-05;-42632.35666324752;-0.0003367524841451086;8.074888737447543;-1.3744754312483565e-07;0.2023782777170466;100539.33265384105;100531.33928003721;-7.99337380383804
33;73;40;113;Zr;-26340.0;300;8.027;3;13870;500;112;105232.4938615891;0.29994110139783997;0;0;907.0509999999999;7.968906412505224;900.4864246130903;0.058093587494775;6.56457538690961;105239.11236514193;105232.54778975502;-0.053928165914840065;-26339.858770893024;-0.1412291069755156;8.027477240406386;-0.0004772404063864144;0.09795082862197252;105218.77035794297;105212.15185439013;-6.618503552832408
34;75;41;116;Nb;-25230.0;300;8.012;3;15980;583;115;108028.08558222663;0.29994110139783997;1;-1;929.392;7.9460325247746395;921.7397728738582;0.06596747522536095;7.652227126141838;108035.77293542527;108028.12070829912;-0.03512607248558197;-25230.449293370417;0.4492933704168536;8.012302810969764;-0.0003028109697638115;0.10395197947498747;108014.92593042644;108007.2385772278;-7.68735319863481
35;77;42;119;Mo;-26580.0;300;8.019;3;13590;583;118;110821.21815843035;0.29994110139783997;0;0;954.261;7.942196129250042;945.121339380755;0.07680387074995831;9.139660619244978;110830.30528746247;110821.16562684323;0.052531587120029144;-26580.184249654933;0.18424965493250056;8.018558558091417;0.0004414419085829735;0.11016640990872416;110808.9534979434;110799.86636891127;-9.087129032122903
36;79;43;122;Tc;-26305.0;300;8.011;2;15475;583;121;113615.97526035094;0.29994110139783997;1;-1;977.3419999999999;7.919686902837876;966.2018021462209;0.09131309716212321;11.140197853779;113627.13874324111;113615.99854538732;-0.02328503638273105;-26305.393489062975;0.3934890629752772;8.011190860953992;-0.0001908609539924555;0.11659681669254933;113605.28238517813;113594.11890228796;-11.163482890173327
37;81;44;125;Ru;-28370.0;300;8.023;2;13460;583;124;116408.39338057711;0.29994110139783997;0;0;1002.875;7.914834239999999;989.3542799999999;0.10816576000000033;13.520720000000097;116421.90018393143;116408.37946393143;0.013916645679273643;-28369.584422897184;-0.41557710281631444;8.022888666834566;0.00011133316543343597;0.12324591305406975;116399.53947601412;116386.0326726598;-13.506803354321164
38;83;45;128;Rh;-27340.0;300;8.01;2;17050;583;127;119203.90499272171;0.29994110139783997;1;-1;1025.28;7.892644690233203;1010.25852034985;0.11735530976679698;15.021479650150013;119218.90986212569;119203.88838247553;0.016610246180789545;-27340.283438290804;0.2834382908040425;8.009870232451703;0.0001297675482963001;0.13011643114154953;119196.04502577578;119181.0401563718;-15.004869403972407
38;84;46;130;Pd;-32730.0;300;8.046;2;13168;520;129;121061.5035752776;0.29994110139783997;-1;1;1045.98;7.937763484401507;1031.9092529721959;0.10823651559849257;14.070747027804146;121075.60762633187;121061.53687930407;-0.03330402646679431;-32729.90832240196;-0.09167759804040543;8.046256184818944;-0.0002561848189444049;0.13721112443705802;121052.23888572457;121038.1348346703;-14.104051054266165
39;85;46;131;Pd;-25740.0;300;7.993;2;15010;583;130;121999.9876107519;0.29994110139783997;0;0;1047.083;7.886890529147344;1033.182659318302;0.10610947085265643;13.900340681698026;122013.89964170133;121999.99930101963;-0.01169026774005033;-25739.976568102844;-0.023431897156115156;7.9930892386850285;-8.923868502819232e-05;0.13721112443705802;121990.53090109403;121976.6188701446;-13.912030949431937
39;86;47;133;Ag;-29080.0;500;8.013;4;15059;539;132;123859.63548033597;0.50021233369764;0;0;1065.729;7.9144380801185505;1052.6202646557672;0.09856191988144936;13.108735344232855;123872.8105331924;123859.70179784816;-0.06631751218810678;-29080.31442402816;0.31442402816173853;8.013498627911238;-0.0004986279112380032;0.14453277012503518;123848.93811528009;123835.76306242366;-13.17505285642983
39;87;48;135;Cd;-32820.0;400;8.036;3;14290;500;134;125718.88373894953;0.39961097049587996;0;0;1084.86;7.939149897504585;1071.785236163119;0.0968501024954147;13.074763836880948;125731.99405851358;125718.9192946767;-0.035555727168684825;-32820.26325047295;0.26325047294812975;8.036263375756809;-0.0002633757568091255;0.15208417142048256;125707.61819305188;125694.50787348783;-13.110319564046222
40;90;50;140;Sn;-34490.0;300;8.038;2;9900;671;139;130374.68408862157;0.29994110139783997;-1;1;1125.32;7.951172719265672;1113.164180697194;0.08682728073432866;12.155819302805867;130386.87752935216;130374.72171004934;-0.03762142777850386;-34490.432178435614;0.43217843561433256;8.038268724484182;-0.0002687244841812486;0.16788759756305652;130361.49546941523;130349.30202868463;-12.193440730596194
40;91;51;142;Sb;-33610.0;300;8.027;2;12939;583;141;132238.55255798958;0.29994110139783997;1;-1;1139.8339999999998;7.955539768526534;1129.6866471307678;0.07146023147346536;10.147352869232009;132248.7035597471;132238.55620687787;-0.003648888290626928;-33610.170250418785;0.17025041878514457;8.02702569639643;-2.5696396431129642e-05;0.17614537945466716;132222.81875864137;132212.66775688383;-10.151001757534686
40;92;52;144;Te;-36220.0;300;8.04;2;9110;500;143;134098.93071895096;0.29994110139783997;-1;1;1157.7599999999998;7.986000079645127;1149.9840114688982;0.053999920354872444;7.775988531101575;134106.75469223753;134098.9787037064;-0.04798475545248948;-36220.21672904468;0.21672904468141496;8.040333227468485;-0.0003332274684861858;0.184644435472131;134080.36739123712;134072.54341795054;-7.823973286576802
41;93;52;145;Te;-30010.0;300;7.998;2;11120;583;144;135036.63509386044;0.29994110139783997;0;0;1159.71;7.944554244823215;1151.9603654993662;0.05344575517678507;7.749634500633874;135044.3437599226;135036.59412542198;0.04096843846491538;-30009.94553954987;-0.05446045013013645;7.997717459045013;0.00028254095498692067;0.184644435472131;135017.95645892218;135010.24779286003;-7.7086660621571355
40;93;53;146;I;-35540.0;300;8.031;2;12415;301;145;135962.59891708664;0.29994110139783997;1;-1;1172.526;7.986527096850839;1166.0329561402225;0.044472903149161525;6.493043859777572;135969.0542443947;135962.56120053492;0.037716551712946966;-35540.226033351515;0.22603335151507054;8.030741667454107;0.00025833254589358035;0.19338773273850673;135942.16468774085;135935.70936043278;-6.455327308067353
41;94;53;147;I;-31200.0;300;8.001;2;11199;361;146;136898.43285183588;0.29994110139783997;0;0;1176.147;7.960255591804594;1170.1575719952752;0.04074440819540559;5.989428004724687;136904.49505025524;136898.50562225052;-0.07277041464112699;-31200.395004116548;0.39500411654807976;8.001495036834275;-0.0004950368342750977;0.19338773273850673;136877.60549360138;136871.54329518203;-6.062198419356719
41;95;54;149;Xe;-33000.0;300;8.009;2;10300;500;148;138759.6214126675;0.29994110139783997;0;0;1193.3410000000001;7.97388082994154;1188.1082436612894;0.03511917005846055;5.232756338710715;138764.89287541778;138759.66011907908;-0.038706411578459665;-33000.04161248708;0.041612487082602456;8.009259774574257;-0.0002597745742569657;0.2023782777170466;138737.50131035823;138732.22984760796;-5.271462750271894
42;96;54;150;Xe;-28990.0;300;7.983;2;9180;500;149;139695.125598504;0.29994110139783997;-1;1;1197.45;7.948030405161659;1192.2045607742489;0.03496959483834061;5.24543922575117;139700.36198002036;139695.1165407946;0.009057709394255653;-28989.959495983647;-0.04050401635322487;7.982939615270783;6.0384729216877986e-05;0.2023782777170466;139672.97041496082;139667.73403344446;-5.236381516355323
43;100;57;157;La;-29070.0;300;7.972;2;10860;500;156;146215.50421605108;0.29994110139783997;0;0;1251.604;7.945714789467628;1247.4772219464176;0.026285210532372538;4.126778053582484;146219.70023104938;146215.5734529958;-0.0692369447206147;-29070.067988913113;0.06798891311336774;7.972440999647851;-0.00044099964785093704;0.23086409833764052;146190.80415495837;146186.60813996007;-4.196014998306055
43;101;58;159;Ce;-31340.0;500;7.983;3;9430;640;158;148076.22237236032;0.50021233369764;0;0;1269.297;7.954522347239329;1264.7690532110532;0.028477652760670935;4.527946788946792;148080.75689661328;148076.22894982435;-0.006577464024303481;-31340.11911966595;0.11911966594925616;7.9830413676982115;-4.136769821183606e-05;0.2408745598992669;148051.35983203317;148046.8253077802;-4.534524252958363
43;102;59;161;Pr;-32490.0;500;7.986;3;9741;640;160;149938.06111607634;0.50021233369764;0;0;1285.7459999999999;7.961679286468329;1281.830365121401;0.024320713531670535;3.915634878598894;149942.04408153147;149938.12844665285;-0.0673305765085388;-32489.582843666525;-0.4171563334748498;7.986418202338648;-0.00041820233864786616;0.25114796565572306;149912.14629140642;149908.1633259513;-3.9829654551285785
43;103;60;163;Nd;-34080.0;500;7.992;3;8880;640;162;151799.4592630813;0.50021233369764;0;0;1302.696;7.967269869058225;1298.6649886564908;0.024730130941774675;4.031011343509135;151803.5579548249;151799.5269434814;-0.06768040009774268;-34079.64327869972;-0.3567213002825156;7.992415217178491;-0.00041521717849057893;0.2616876023281217;151773.15970538583;151769.06101364223;-4.098691743594827
9;86;77;163;Ir;-5310.0;400;7.734;2;*;;162;151828.22845847468;0.39961097049587996;0;0;1260.642;7.693605449391724;1254.057688250851;0.04039455060827635;6.5843117491490375;151834.8653629867;151828.28105123754;-0.052592762862332165;-5310.447885322777;0.447885322777438;7.73432265498684;-0.0003226549868395878;0.4850722404759215;151796.00351602404;151789.36661151203;-6.636904512008186
43;104;61;165;Pm;-34670.0;500;7.992;3;8840;640;164;153661.85690325953;0.50021233369764;0;0;1318.68;7.971373262397179;1315.2765882955346;0.020626737602820633;3.4034117044654977;153665.29485201443;153661.89144030996;-0.034537050436483696;-34670.21054047622;0.21054047621873906;7.992209315457148;-0.0002093154571483069;0.2724968105814297;153634.39641283292;153630.95846407802;-3.4379487549012993
9;87;78;165;Pt;-318.0;400;7.703;2;*;;164;153696.20854281652;0.39961097049587996;0;0;1270.9950000000001;7.6635928613161095;1264.492822117158;0.039407138683890786;6.502177882842034;153702.77872594888;153696.27654806606;-0.06800524954451248;-318.57098348863985;0.5709834886398539;7.703412153027514;-0.0004121530275140728;0.5010373196546951;153663.42184511473;153656.85166198236;-6.570183132367674
43;105;62;167;Sm;-35330.0;500;7.992;3;8440;640;166;155524.1856128741;0.50021233369764;0;0;1334.664;7.974063902179851;1331.6686716640352;0.017936097820149044;2.995328335964814;155527.25126547448;155524.2559371385;-0.07032426440855488;-35329.708365886334;-0.2916341136660776;7.99242110337963;-0.00042110337963041644;0.28357898706086254;155495.85290951876;155492.78725691838;-3.0656526003731415
44;106;62;168;Sm;-31640.0;300;7.971;2;7610;500;167;156459.36936473893;0.29994110139783997;-1;1;1339.128;7.955441797523217;1336.5142219839004;0.0155582024767833;2.613778016099559;156461.97113687015;156459.35735885406;0.01200588486972265;-31640.060221074276;0.060221074276341824;7.970928536399567;7.146360043286393e-05;0.28357898706086254;156430.57278091443;156427.9710087832;-2.601772131223697
10;89;79;168;Au;2530.0;400;7.688;2;*;;168;156493.5393629457;0.39961097049587996;1;-1;1291.584;7.65685518788944;1286.351671565426;0.031144812110559528;5.2323284345741286;156498.83379504475;156493.60146661015;-0.06210366444429383;2529.9379857229073;0.06201427709265772;7.6883696646693265;-0.00036966466932675246;0.5173436176488615;156458.9822215579;156453.68778945887;-5.294432099035475
43;106;63;169;Eu;-35660.0;500;7.991;3;8230;640;168;157386.8431399073;0.50021233369764;0;0;1350.479;7.97541182547119;1347.8445985046312;0.01558817452880934;2.63440149536882;157389.4238354624;157386.78943396703;0.05370594025589526;-35660.388772719234;0.3887727192341117;7.99068221337122;0.0003177866287797926;0.2949375864193932;157357.52583915534;157354.94514360023;-2.580695555108832
44;107;63;170;Eu;-30860.0;500;7.963;3;9989;707;169;158323.13723274376;0.50021233369764;1;-1;1353.71;7.946904899269851;1350.9738328758747;0.016095100730148637;2.736167124125359;158325.8600228067;158323.12385568258;0.013377061171922833;-30860.39965624349;0.39965624349133577;7.962921311404823;7.868859517667914e-05;0.2949375864193932;158293.96202649965;158291.2392364367;-2.7227900629513897
10;90;80;170;Hg;5415.0;302;7.671;2;*;;170;158359.41333911903;0.30180408960528;-1;1;1304.07;7.637788481766605;1298.424041900323;0.03321151823339541;5.6459580996770455;158365.1099215384;158359.4639634387;-0.0506243196723517;5415.706719015657;-0.7067190156567449;7.67129779011576;-0.0002977901157601437;0.5339958805479216;158324.76400136374;158319.06741894438;-5.696582419361221
43;107;64;171;Gd;-36210.0;500;7.99;3;7560;640;170;159249.2817658261;0.50021233369764;0;0;1366.29;7.9754829767693005;1363.8075890275504;0.0145170232306997;2.482410972449543;159251.80934176798;159249.32693079553;-0.04516496942960657;-36209.970293903156;-0.029706096844165586;7.990264122628291;-0.0002641226282911191;0.3065761233373353;159219.41198504716;159216.8844091053;-2.527575941872783
44;108;64;172;Gd;-32970.0;300;7.972;2;6720;583;171;160184.01560603883;0.29994110139783997;-1;1;1371.184;7.95871976013774;1368.8997987436912;0.013280239862260679;2.2842012563087337;160186.28255376744;160183.99835251112;0.017253527708817273;-32970.23380116388;0.23380116387852468;7.97189968879244;0.00010031120756082146;0.3065761233373353;160153.88519704662;160151.618249318;-2.2669477286108304
43;108;65;173;Tb;-36510.0;500;7.988;3;7230;640;172;161111.97003216468;0.50021233369764;0;0;1381.924;7.974339489540392;1379.5607316904877;0.013660510459608588;2.36326830951225;161114.40469593363;161112.04142762412;-0.07139545943937264;-36509.91139531149;-0.08860468851344194;7.988412690516985;-0.00041269051698478165;0.31849817453488416;161081.50826231332;161079.07359854438;-2.434663768945029
44;109;65;174;Tb;-31970.0;500;7.963;3;9160;707;173;162048.0042381462;0.50021233369764;1;-1;1385.5620000000001;7.94800966855542;1382.953682328643;0.014990331444580285;2.6083176713570992;162050.57716701104;162047.96884933967;0.03538880654377863;-31969.809133779334;-0.1908662206660665;7.962796616054377;0.0002033839456228037;0.31849817453488416;162017.68073339073;162015.1078045259;-2.5729288648290094
43;109;66;175;Dy;-36730.0;500;7.986;3;6570;640;174;162974.7384069962;0.50021233369764;0;0;1397.55;7.972039945446834;1395.106990453196;0.013960054553165513;2.443009546803978;162977.20693399943;162974.76392445265;-0.025517456437228248;-36729.74400379034;-0.25599620965658687;7.986145814036718;-0.00014581403671787285;0.3307073807784352;162943.81171063468;162941.34318363146;-2.4685270032205153
44;110;66;176;Dy;-33610.0;500;7.969;3;5780;707;175;163909.35208446954;0.50021233369764;-1;1;1402.544;7.957031392379929;1400.4375250588675;0.011968607620071126;2.1064749411325465;163911.44182110933;163909.3353461682;0.016738301346777007;-33610.170250445255;0.17025044525507838;7.968904896015044;9.510398495660155e-05;0.3307073807784352;163878.04659774457;163875.9568611048;-2.0897366397839505
43;110;67;177;Ho;-36280.0;500;7.98;3;6578;709;176;164838.1765260883;0.50021233369764;0;0;1412.46;7.968639613265484;1410.4492115479907;0.011360386734516226;2.010788452009365;164840.2132097332;164838.2024212812;-0.02589519289904274;-36279.83235169109;-0.16764830891042948;7.980146300524807;-0.00014630052480679723;0.3432074488814326;164806.31948748586;164804.28280384096;-2.0366836448956747
44;111;67;178;Ho;-32130.0;500;7.957;3;8130;778;177;165773.82043604038;0.50021233369764;1;-1;1416.346;7.944365420926871;1414.097044924983;0.01263457907312926;2.2489550750169656;165776.13079807177;165773.88184299675;-0.0614069563744124;-32130.026119611786;0.02611961178627098;7.957344982900926;-0.0003449829009261052;0.3432074488814326;165742.23707582444;165739.92671379304;-2.3103620313922875
43;111;68;179;Er;-36080.0;500;7.976;3;5821;640;178;166701.3650047606;0.50021233369764;0;0;1427.704;7.964190669294581;1425.59012980373;0.011809330705419008;2.1138701962699997;166703.420788306;166701.3069181097;0.058086650882614776;-36079.56111942039;-0.43888057961157756;7.975675493570477;0.00032450642952319697;0.3560021537004473;166669.02886181278;166666.9730782674;-2.055783545394661
44;112;68;180;Er;-33180.0;500;7.96;3;4990;640;179;167635.7588496255;0.50021233369764;-1;1;1432.8;7.950839400886862;1431.151092159635;0.009160599113138268;1.6489078403649273;167637.42524766564;167635.7763398253;-0.017490199796156958;-33179.81997450122;-0.18002549878292484;7.96009716777658;-9.71677765804202e-05;0.3560021537004473;167603.03332117244;167601.3669231323;-1.666398040135391
44;113;69;182;Tm;-31490.0;500;7.948;3;7410;640;181;169500.43678736963;0.50021233369764;1;-1;1446.536;7.936410548332864;1444.4267197965812;0.01158945166713643;2.109280203418848;169502.49811685723;169500.38883665382;0.0479507158161141;-31490.089670356872;0.08967035687237512;7.947736534528444;0.00026346547155675637;0.3690953401271314;169467.60828459976;169465.54695511216;-2.061329487594776
33;127;94;221;Pu;35930.0;300;7.576;1;*;;221;205896.12651268867;0.29994110139783997;0;0;1674.2959999999998;7.581703716153887;1675.5565212700092;-0.005703716153887761;-1.2605212700093489;205894.86109722612;205896.12161849614;0.00489419253426604;35929.59056867651;0.40943132348911604;7.575977854332433;2.2145667566420002e-05;0.8063471975831038;205847.63354305885;205848.8989585214;1.2654154625488445
34;128;94;222;Pu;35060.0;300;7.582;1;*;;222;206826.7506009158;0.29994110139783997;-1;1;1683.204;7.5902911490092455;1685.0446350800526;-0.008291149009245657;-1.840635080052607;206824.93840513163;206826.7790402117;-0.028439295885618776;35059.575075801215;0.4249241987854475;7.582128104936412;-0.00012810493641257636;0.8063471975831038;206777.71085096436;206779.52304674854;1.8121957841794938
35;129;94;223;Pu;36121.0;300;7.58;1;-6579;424;223;207759.30567641993;0.29994110139783997;0;0;1690.34;7.5908753691842925;1692.7652073280972;-0.010875369184292438;-2.425207328097258;207756.78325459914;207759.20846192725;0.09721449267817661;36120.546859933536;0.4531400664636749;7.5795640605709345;0.00043593942906561267;0.8063471975831038;207709.55570043187;207712.07812225266;2.522421820787713
33;128;95;223;Am;42700.0;300;7.547;1;*;;223;207765.88481927454;0.29994110139783997;0;0;1682.981;7.557141704355719;1685.2426000713253;-0.010141704355719483;-2.261600071325347;207763.52351525336;207765.7851153247;0.0997039498470258;42699.689714523236;0.31028547676396556;7.546552897085887;0.00044710291411309555;0.8288269703860204;207715.8074419082;207718.16874592938;2.361304021178512
36;130;94;224;Pu;35280.0;300;7.586;1;-7980;500;224;208689.95957245838;0.29994110139783997;-1;1;1699.2640000000001;7.597938736923661;1701.9382770709;-0.011938736923660542;-2.6742770708999615;208687.17560657192;208689.84988364283;0.10968881554435939;35280.339178381444;-0.3391783814440714;7.585510317787729;0.000489682212271525;0.8063471975831038;208639.94805240465;208642.7320182911;2.783965886454098
34;129;95;224;Am;43260.0;400;7.546;2;*;;224;208697.93968244494;0.39961097049587996;1;-1;1690.304;7.558914662831981;1693.1968844743637;-0.012914662831980728;-2.8928844743636546;208695.13465256587;208698.02753704024;-0.08785459530190565;43260.44916492358;-0.4491649235787918;7.546392208014757;-0.00039220801475714495;0.8288269703860204;208647.4185792207;208650.22360909978;2.8050298790622037
37;131;94;225;Pu;36300.0;300;7.583;1;-6090;500;225;209622.47366222195;0.29994110139783997;0;0;1706.175;7.597134054821791;1709.355162334903;-0.014134054821790976;-3.180162334903116;209619.3241430235;209622.5043053584;-0.030643136444268748;36300.32522194766;-0.32522194766352186;7.583136191717478;-0.00013619171747780712;0.8063471975831038;209572.09658885622;209575.24610805468;3.1495191984577104
35;130;95;225;Am;42390.0;400;7.553;2;*;;225;209628.56377067207;0.39961097049587996;0;0;1699.425;7.567105754025413;1702.598794655718;-0.014105754025413475;-3.173794655717984;209625.29816410007;209628.4719587558;0.09181191626703367;42390.43367207476;-0.43367207475967007;7.552591947038762;0.00040805296123824775;0.8288269703860204;209577.5820907549;209580.8476973269;3.2656065720075276
38;132;94;226;Pu;35630.0;200;7.588;1;-7340;361;226;210553.29709018726;0.20027123229979998;-1;1;1714.888;7.602749834726921;1718.2214626482842;-0.014749834726920596;-3.3334626482842395;210550.02326442566;210553.35672707393;-0.059636886668158695;35629.64946726819;0.3505327318125637;7.588263880029533;-0.0002638800295331478;0.8063471975831038;210502.7957102584;210506.06953602;3.2738257616001647
36;131;95;226;Am;42970.0;300;7.552;1;*;;226;210560.63726372458;0.29994110139783997;1;-1;1706.752;7.567463783651362;1710.2468151052078;-0.015463783651362029;-3.494815105207863;210557.21556536615;210560.71038047134;-0.0731167467602063;42969.823004581885;0.17699541811452946;7.552323525428177;-0.0003235254281772626;0.8288269703860204;210509.499492021;210512.92119037942;3.421698358433787
37;132;95;227;Am;42180.0;200;7.558;1;*;;227;211491.34146044464;0.20027123229979998;0;0;1715.666;7.574182561714324;1719.3394415091516;-0.016182561714324528;-3.673441509151644;211487.68836067774;211491.3618021869;-0.020341742259915918;42179.91600463605;0.08399536395154428;7.558089611199372;-8.961119937200834e-05;0.8288269703860204;211439.97228733258;211443.62538709948;3.653099766903324
38;133;95;228;Am;42850.0;200;7.557;1;*;;228;212423.5053084252;0.20027123229979998;1;-1;1722.996;7.573198518578564;1726.6892622359126;-0.01619851857856336;-3.6932622359124707;212419.90396166654;212423.59722390244;-0.09191547724185511;42849.6602651877;0.33973481230350444;7.557403138058138;-0.00040313805813774195;0.8288269703860204;212372.18788832138;212375.78923508004;3.601346758659929
42;143;101;244;Md;75597.0;374;7.438;2;*;;244;227360.1585746556;0.37446062969544;1;-1;1814.8719999999998;7.446353500351436;1816.9102540857505;-0.008353500351436338;-2.038254085750623;227358.03563765017;227360.07389173593;0.0846829196671024;75597.26697559508;-0.26697559507738333;7.4376529388538355;0.00034706114616422923;0.9730977181452528;227307.39784134863;227309.52077835405;2.122937005420681
62;169;107;276;Bh;138950.0;600;7.265;2;765;937;276;257231.3226706778;0.5998822027956799;1;-1;2005.1399999999999;7.2952779035208035;2013.4967013717417;-0.03027790352080384;-8.356701371741792;257222.84860564664;257231.20530701836;0.11736365943215787;138950.04395778273;-0.04395778273465112;7.2645747693499345;0.000425230650065167;1.1345777820194194;257169.30629570482;257177.78036073598;8.474065031157807
63;170;107;277;Bh;141100.0;600;7.26;2;-275;748;277;258164.9666627892;0.5998822027956799;0;0;2011.02;7.292980563817015;2020.1556161773133;-0.03298056381701553;-9.135616177313295;258155.75511255662;258164.89072873394;0.07593405526131392;141099.9323491943;0.06765080569311976;7.259725869836564;0.00027413016343569296;1.1345777820194194;258102.2128026148;258111.4243528474;9.211550232575973
64;171;107;278;Bh;144370.0;400;7.251;1;1150;500;278;259099.73124230735;0.39961097049587996;1;-1;2015.778;7.285133767071663;2025.2671872459223;-0.034133767071662824;-9.489187245922267;259090.20896320356;259099.6981504495;0.03309185785474256;144370.4081473582;-0.40814735819003545;7.250880964540059;0.00011903545994140785;1.1345777820194194;259036.66665326175;259046.18893236553;9.52227910378133
62;170;108;278;Hs;143220.0;300;7.252;1;-2547;652;278;259098.58084708927;0.29994110139783997;-1;1;2016.056;7.283643665701485;2024.8529390650128;-0.03164366570148491;-8.796939065012793;259089.8408647819;259098.6378038469;-0.0569567576458212;143220.01292925622;-0.012929256219649687;7.2522048804232275;-0.00020488042322774902;1.1632793519763773;259035.81625745937;259044.55623976674;8.739982307364698
63;171;108;279;Hs;146500.0;600;7.243;2;-1085;900;279;260033.35474154842;0.5998822027956799;0;0;2020.797;7.276508849435442;2030.1459689924882;-0.03350884943544141;-9.348968992488153;260024.11325656998;260033.46222556249;-0.10748401406453922;146499.80366843377;0.19633156622876413;7.243385247362208;-0.00038524736220768574;1.1632793519763773;259970.08864924745;259979.3301342259;9.241484978439985
64;172;108;280;Hs;148420.0;600;7.239;2;-2090;848;280;260966.76865461623;0.5998822027956799;-1;1;2026.92;7.274181418124087;2036.7707970747442;-0.03518141812408704;-9.85079707474415;260957.05385020332;260966.90464727805;-0.13599266181699932;148419.61301622496;0.38698377503897063;7.239485688077964;-0.0004856880779637862;1.1632793519763773;260903.0292428808;260912.7440472937;9.714804412913509
62;171;109;280;Mt;150510.0;600;7.229;2;190;958;280;260968.85892738495;0.5998822027956799;1;-1;2024.1200000000001;7.261335011610618;2033.1738032509732;-0.032335011610618025;-9.053803250973033;260959.8684974245;260968.92230067548;-0.06337329052621499;150509.88578493719;0.11421506281476468;7.229226333180434;-0.00022633318043396855;1.1925134253433824;260905.36212522464;260914.3525551851;8.990429960453184
63;172;109;281;Mt;152400.0;600;7.225;2;-873;776;281;261902.24303264142;0.5998822027956799;0;0;2030.225;7.2597118706423025;2039.979035650487;-0.034711870642302856;-9.75403565048714;261892.62868674053;261902.38272239102;-0.1396897496015299;152399.88732143166;0.11267856834456325;7.225497116546645;-0.0004971165466454153;1.1925134253433824;261838.12231454067;261847.73666044156;9.61434590088902
64;173;109;282;Mt;155455.0;447;7.218;2;665;538;282;262836.7924370216;0.44711716978559995;1;-1;2035.4759999999999;7.2526516201431255;2045.2477568803613;-0.034651620143125506;-9.771756880361409;262826.9253872262;262836.69714410655;0.09529291506623849;155455.18798159703;-0.18798159703146666;7.217662081861553;0.00033791813844707974;1.1925134253433824;262772.41901502636;262782.28606482176;9.867049795400817
62;172;110;282;Ds;154790.0;300;7.217;1;-2952;660;282;262836.1273502316;0.29994110139783997;-1;1;2035.194;7.248963824764414;2044.2077985835647;-0.031963824764414284;-9.013798583564721;262827.18299892044;262836.196797504;-0.06944727239897475;154790.1011915787;-0.10119157869485207;7.217246266923463;-0.00024626692346352286;1.2222884333156043;262772.1954027778;262781.13975408894;8.944351311132777
63;173;110;283;Ds;157830.0;500;7.21;2;-1550;843;283;263770.660919212;0.50021233369764;0;0;2040.43;7.242600288387351;2049.6558816136203;-0.03260028838735085;-9.225881613620231;263761.30033760594;263770.52621921955;0.13469999242806807;157829.56645196784;0.43354803216061555;7.209524028295283;0.0004759717047173595;1.2222884333156043;263706.3127414633;263715.67332306935;9.360581606044434
64;174;110;284;Ds;159460.0;500;7.207;2;-2510;707;284;264703.7851376135;0.50021233369764;-1;1;2046.788;7.2409369965219295;2056.426107012228;-0.03393699652192961;-9.63810701222792;264694.0955339229;264703.7336409351;0.05149667838122696;159459.68113349224;0.31886650776141323;7.206818673667674;0.00018132633232603723;1.2222884333156043;264639.10793778027;264648.79754147085;9.689603690581862
62;173;111;284;Rg;161970.0;500;7.195;2;-445;912;284;264706.29551422305;0.50021233369764;1;-1;2043.38;7.226158421111405;2052.228991595639;-0.031158421111404877;-8.848991595638836;264697.5103027369;264706.3592943325;-0.06378010945627466;161970.05774303345;-0.05774303345242515;7.195224577850214;-0.0002245778502141249;1.2526129614737382;264642.04203217174;264650.8272436579;8.785211486159824
63;174;111;285;Rg;163730.0;600;7.192;2;-1357;785;285;265639.549210305;0.5998822027956799;0;0;2049.7200000000003;7.225184379382795;2059.1775481240966;-0.03318437938279484;-9.45754812409632;265630.12716792396;265639.5847160481;-0.03550574311520904;163729.65010496575;0.34989503424731083;7.192124581554692;-0.00012458155469197152;1.2526129614737382;265574.6588973588;265584.0809397398;9.4220423810184
64;175;111;286;Rg;166510.0;458;7.185;2;61;836;286;266573.8238239245;0.4582950990302399;1;-1;2054.91;7.218881867161939;2064.6002140083147;-0.03388186716193964;-9.690214008314797;266564.2699237554;266573.9601377637;-0.13631383917527273;166510.16000453915;-0.1600045391533058;7.185476621815209;-0.0004766218152090218;1.2526129614737382;266508.8016531902;266518.3555533594;9.553900169150438
62;174;112;286;Cn;166450.0;700;7.183;2;-3507;915;286;266573.76327680785;0.6995520718937199;-1;1;2054.3379999999997;7.213094667745995;2062.9450749753546;-0.03009466774599545;-8.607074975354863;266565.14271618566;266573.74979116104;0.013485646806657314;166449.61288784433;0.3871121556730941;7.182952847388749;4.715261125110004e-05;1.2834957518607772;266509.1943294602;266517.8148900824;8.620560622191988
63;175;112;287;Cn;169370.0;700;7.176;2;-2085;995;287;267508.177614543;0.6995520718937199;0;0;2059.512;7.207474052231508;2068.545052990443;-0.03147405223150823;-9.033052990442684;267499.1081598862;267508.14121287665;0.03640166635159403;169369.8469029936;0.15309700640500523;7.175873164925562;0.0001268350744378921;1.2834957518607772;267443.15977316076;267452.22922781756;9.069454656797461
64;176;112;288;Cn;170930.0;700;7.174;2;-3039;989;288;268441.2319708867;0.6995520718937199;-1;1;2066.112;7.206450473979905;2075.4577365062128;-0.03245047397990497;-9.345736506212688;268431.760898086;268441.1066345922;0.12533629452809691;170930.09952670356;-0.09952670356142335;7.173564804532968;0.00043519546703230105;1.2834957518607772;268375.81251136056;268385.28358416125;9.471072800690308
62;175;113;288;Nh;173970.0;700;7.16;2;-947;1035;288;268444.27143614716;0.6995520718937199;1;-1;2062.08;7.18982778887592;2070.670403196265;-0.02982778887592019;-8.590403196265015;268435.76588479336;268444.3562879896;-0.0848518424318172;173969.56478714567;0.43521285432507284;7.160294624452945;-0.00029462445294470285;1.3149457050630782;268379.33794907044;268387.84350042423;8.505551353795454
63;176;113;289;Nh;175550.0;500;7.158;2;-1915;715;289;269377.34628536116;0.50021233369764;0;0;2068.6620000000003;7.189478862776116;2077.7593913422975;-0.031478862776115335;-9.097391342297215;269368.24231836287;269377.33970970515;0.006575656007044017;175550.3102811387;-0.31028113869251683;7.157977246865066;2.2753134934383468e-05;1.3149457050630782;269311.81438263995;269320.91834963823;9.103966998285614
64;177;113;290;Nh;178315.0;469;7.152;2;-416;843;290;270311.60506358097;0.46854153417115996;1;-1;2074.08;7.18390656539412;2083.332903964295;-0.03190656539412018;-9.252903964295001;270302.23422745644;270311.4871314207;0.1179321602685377;178314.98478098886;0.015219011140288785;7.151593337378441;0.0004066626215593061;1.3149457050630782;270245.8062917335;270255.17712785804;9.370836124522611
62;176;114;290;Fl;178731.0;700;7.147;2;-4061;917;290;270312.0205099513;0.70048356599744;-1;1;2072.63;7.176112811295139;2081.0727152755903;-0.029112811295139096;-8.442715275590217;270303.7120695426;270312.1547848182;-0.1342748668976128;178730.43115125803;0.5688487419683952;7.147463016782422;-0.00046301678242155475;1.3469718822957453;270246.8051610462;270255.1136014549;8.308440408669412
63;177;114;291;Fl;181500.0;700;7.141;2;-2680;1015;291;271246.2839456416;0.6995520718937199;0;0;2078.031;7.171208028711571;2086.821536355067;-0.03020802871157091;-8.790536355067161;271237.5286701786;271246.31920653366;-0.035260892065707594;181499.76312161505;0.2368783849524334;7.1411211714504566;-0.00012117145045653643;1.3469718822957453;271180.6217616822;271189.3770371452;8.755275462986901
62;177;115;292;Mc;186600.0;700;7.124;2;-1533;1035;292;272182.8779795795;0.6995520718937199;1;-1;2080.208;7.1524171785046375;2088.505816123354;-0.028417178504637874;-8.297816123354096;272174.6274655233;272182.92528164666;-0.04730206716340035;186599.69333947264;0.30666052736341953;7.124161993380643;-0.000161993380642933;1.3795835074923637;272117.24216970144;272125.4926837576;8.250514056184329
